prompt_name,legacy_metric_samples,loc,sloc,comments,blank,cc_avg,cc_max,cc_sum,halstead_volume,halstead_difficulty,halstead_effort,halstead_vocabulary,halstead_length,halstead_bugs,maintainability_index,token_length
basic,2460,16.305284552845528,10.636585365853659,1.1947154471544716,1.1796747967479675,4.209552845528456,4.284146341463415,4.373170731707317,66.68324510744088,2.4744635405937108,306.0786958130634,11.139024390243902,16.45081300813008,0.02222774836914696,80.0505509900418,70.74146341463414
concise,2460,11.144715447154471,8.65528455284553,0.5926829268292683,0.6951219512195121,3.8983739837398375,3.9414634146341463,4.009349593495935,58.32181785229429,2.309017288420847,263.08563134857405,10.18739837398374,14.715447154471544,0.019440605950764762,78.35251051289372,48.21178861788618
constraint,2452,21.482871125611744,14.219412724306688,1.8955954323001631,1.7410277324632952,4.887370853724851,4.973083197389886,5.058727569331158,85.90293019254682,3.0321331251049863,444.93782504497875,13.327079934747145,20.495513866231647,0.028634310064182277,78.73177997459982,90.81769983686786
optimized,2460,16.173170731707316,11.393089430894308,1.4524390243902439,1.1296747967479674,4.315514905149051,4.389837398373984,4.460162601626016,77.42349116400467,2.801794231898664,421.60297337830565,11.849186991869919,18.51869918699187,0.02580783038800156,78.49146559755927,70.89552845528455
readable,2455,21.81547861507128,12.877393075356416,1.825254582484725,2.7026476578411405,4.322312740439013,4.389002036659877,4.491649694501018,73.96739765106787,2.660603032506915,355.0949670587306,12.15478615071283,17.920977596741345,0.024655799217022618,81.53773595427062,91.90468431771895
