model_name,model_id,provider,num_samples,ast_success_rate,functional_pass_rate,ast_depth,branch_count,loop_count,function_count,control_flow_ratio,ssi,avg_repeat_distance,pssi,sds,structural_variance,functional_pass_rate_rank,ast_success_rate_rank,ssi_rank,pssi_rank,sds_rank,structural_variance_rank
claude_model,claude-sonnet-4-6,anthropic,4100,1.0,0.9829268292682928,9.196341463414637,1.3131707317073171,0.7192682926829268,1.10609756097561,0.0586864119512195,0.952898128773042,0.0882201223095205,0.875472405252186,0.6406535707196138,0.1521996185125599,1.0,1.0,1.0,2.0,2.0,2.0
deepseek_model,deepseek-chat,deepseek,4100,1.0,0.9209756097560976,9.17780487804878,1.5578048780487803,0.7670731707317073,1.09,0.0615410075609756,0.8734064569408134,0.23380780564823,0.7175632269502369,0.5762547634949665,0.1303713853587765,3.0,1.0,2.0,1.0,1.0,1.0
gpt5_model,gpt-5-mini,openai,4100,0.9968292682926828,0.9658536585365852,9.329092243699534,3.602153168583313,1.0986053339858086,1.1634450697333008,0.0603762138487888,0.5407006155945404,1.1206647742193057,1.1392359493412734,1.094714474860917,0.4014888903801623,2.0,3.0,3.0,3.0,3.0,3.0
