x_metric,y_metric,n,spearman_rho,p_value,significant_0_05
problem_complexity,pssi,164,0.26897283473671324,0.0004965867966710255,True
problem_complexity,sds,164,0.32050113585352247,2.865077966907012e-05,True
problem_complexity,ssi,164,-0.4295294709779222,9.506889610607309e-09,True
problem_complexity,functional_pass_rate,164,-0.2783635076832029,0.00030723023466623607,True
branch_count,pssi,164,0.26397188978249236,0.0006368417258240037,True
loop_count,pssi,164,0.17096690507534015,0.028608502544700497,True
branch_count,sds,164,0.30152319228579527,8.72503695967262e-05,True
loop_count,sds,164,0.18862588020706061,0.015568892133816752,True
