prompt_name,num_samples,ast_success_rate,success_rate,ast_depth,branch_count,loop_count,function_count,control_flow_ratio,avg_distance,ssi
basic,2460,1.0,0.9634146341463414,9.262195121951219,2.0142276422764227,0.7723577235772358,1.1195121951219513,0.06040424308943089,0.45714940294404405,0.7922703558536897
concise,2460,1.0,0.9536585365853658,9.371544715447154,1.5861788617886179,0.6276422764227643,1.1126016260162601,0.05676464715447154,0.3953010540468638,0.8208398957492535
constraint,2460,0.9967479674796748,0.958130081300813,9.288336052202284,2.8095432300163132,1.1496737357259381,1.1199021207177815,0.06562850897226755,0.5334812422236352,0.7709286518497306
optimized,2460,1.0,0.9512195121951219,9.19308943089431,2.118292682926829,0.8349593495934959,1.1044715447154472,0.05959903739837398,0.49432869478213015,0.788331425147147
readable,2460,0.9979674796747967,0.9565040650406504,9.056211812627291,2.254989816700611,0.9234215885947047,1.1425661914460286,0.05862313645621182,0.521949669033747,0.7735718755816631
