num_groups,baseline_complexity,reranked_complexity,average_improvement,improved_groups,improved_ratio
2393,13.401705191809445,12.782476342248223,0.6192288495612203,845,0.35311324697033014
